15319,28433
14462,11735
13753,
13280,
13119,
13241,
13586,
13771,
14164,
14847,
15599,
16049,
16189,
16141,
16070,
16138,
17255,
18896,
18964,
18689,
18301,
17790,
16757,
15455,
14358,
13655,
13242,
13072,
13154,
13846,
15191,
16580,
17607,
18426,
19013,
19107,
18954,
18765,
18564,
18558,
19258,
20618,
20335,
19828,
19171,
18341,
17180,
15853,
14592,
13722,
13198,
12934,
12882,
13091,
13665,
14396,
15281,
16297,
16957,
17128,
17090,
16898,
16698,
16619,
17459,
18857,
18847,
18463,
17986,
17360,
16452,
15287,
14151,
13344,
12830,
12499,
12420,
12581,
12985,
13468,
14247,
15294,
16132,
16739,
17158,
17282,
17366,
17602,
18625,
19766,
19683,
19362,
18860,
17986,
16771,
15439,
14418,
13848,
13580,
13512,
13725,
14745,
16932,
18816,
19549,
20055,
20427,
20550,
20519,
20546,
20451,
20510,
21439,
22317,
22121,
21549,
20795,
19645,
18099,
16547,
15368,
14687,
14354,
14240,
14416,
15387,
17533,
19166,
19645,
20018,
20211,
20193,
20080,
20094,
19982,
20113,
21077,
22711,
22778,
22333,
21618,
20556,
19031,
17432,
16314,
15746,
15498,
15429,
15600,
16577,
18712,
20276,
20806,
21132,
21360,
21346,
21248,
21239,
21171,
21287,
22131,
23687,
23534,
23060,
22309,
21105,
19536,
17891,
16674,
16047,
15734,
15619,
15759,
16740,
18846,
20109,
21015,
21289,
21314,
21210,
21124,
20962,
20755,
20954,
21652,
23167,
23152,
22660,
21944,
20891,
19358,
17792,
16556,
16019,
15769,
15731,
15970,
16968,
19174,
20812,
21335,
21699,
21860,
21872,
21708,
21714,
21538,
21481,
22141,
23531,
23600,
23107,
22426,
21555,
20430,
19058,
17971,
17280,
16883,
16690,
16702,
17045,
17851,
18537,
19576,
20459,
20998,
21056,
20878,
20533,
20203,
20131,
20857,
22569,
22781,
22283,
21712,
21046,
20095,
18958,
17845,
17068,
16581,
16317,
16247,
16491,
16956,
17422,
18223,
18994,
19486,
19748,
19768,
19603,
19416,
19437,
20225,
21710,
21782,
21330,
20757,
19822,
18543,
17169,
16134,
15544,
15249,
15146,
15330,
16282,
18325,
19989,
20713,
21101,
21357,
21420,
21349,
21253,
21102,
21095,
21797,
22971,
22771,
22185,
21386,
20251,
18593,
16980,
15776,
15140,
14810,
14644,
14742,
15719,
17826,
19565,
20137,
20519,
20870,
21082,
20842,
20622,
20655,
20834,
21560,
23355,
23548,
23079,
22506,
21435,
19923,
18367,
17375,
16767,
16517,
16470,
16729,
17714,
19911,
21654,
22265,
22651,
22677,
22558,
22391,
22454,
22407,
22580,
23308,
24627,
24586,
24061,
23336,
22212,
20617,
19027,
17877,
17183,
16855,
16776,
16990,
17869,
19677,
21143,
21886,
22490,
22878,
22865,
22696,
22937,
22641,
22724,
23403,
25082,
25262,
24722,
23989,
22907,
21383,
19897,
18716,
18141,
17846,
17712,
17846,
18720,
20479,
21954,
22753,
23271,
23522,
23460,
23193,
22898,
22590,
22446,
22838,
24120,
24078,
23466,
22693,
21727,
20394,
19043,
17830,
17125,
16680,
16450,
16411,
16711,
17391,
18038,
19033,
19729,
20161,
19976,
19646,
19344,
19166,
19181,
19855,
21237,
21278,
20809,
20212,
19489,
18478,
17364,
16348,
15666,
15239,
14996,
14886,
14996,
15425,
16009,
16829,
17790,
18441,
18825,
18998,
18938,
18823,
18817,
19403,
20700,
20806,
20403,
19910,
19266,
18249,
17135,
16243,
15724,
15418,
15327,
15508,
16219,
17502,
18706,
19711,
20573,
21089,
21200,
21076,
20981,
20842,
20854,
21492,
23210,
23351,
22834,
22062,
21066,
19683,
18180,
17035,
16443,
16111,
16052,
16283,
17249,
19384,
20945,
21404,
21730,
21960,
21845,
21662,
21535,
21435,
21401,
22065,
23672,
23799,
23355,
22617,
21553,
20008,
18362,
17182,
16619,
16325,
16246,
16444,
17380,
19518,
21086,
21459,
21783,
21915,
21813,
21441,
21178,
20977,
21006,
21620,
23259,
23514,
23067,
22353,
21251,
19725,
18115,
16917,
16270,
15915,
15753,
15914,
16835,
18934,
20527,
21021,
21346,
21507,
21478,
21312,
21203,
20990,
20919,
21565,
23026,
23245,
22802,
22169,
21136,
19634,
18115,
17073,
16547,
16261,
16228,
16452,
17409,
19512,
21150,
21662,
22089,
22275,
22185,
21965,
21833,
21650,
21638,
22114,
23444,
23510,
22902,
22258,
21327,
20066,
18635,
17502,
16829,
16434,
16197,
16184,
16467,
17195,
18010,
19088,
19981,
20347,
20408,
20149,
19891,
19722,
19695,
20238,
21806,
22303,
21941,
21422,
20784,
19822,
18739,
17757,
17062,
16652,
16433,
16397,
16597,
17102,
17602,
18457,
19205,
19631,
19765,
19708,
19453,
19316,
19427,
20119,
21799,
22279,
21980,
21433,
20548,
19341,
18030,
17050,
16514,
16259,
16202,
16416,
17419,
19570,
21310,
21977,
22505,
22880,
22919,
22774,
22695,
22572,
22670,
23208,
24411,
24485,
23874,
23068,
21878,
20239,
18594,
17422,
16788,
16454,
16305,
16501,
17400,
19444,
21054,
21738,
22193,
22493,
22558,
22375,
22262,
22131,
22175,
22723,
23906,
23959,
23350,
22432,
21273,
19750,
18213,
17084,
16406,
16048,
15887,
16051,
16864,
18449,
19647,
20426,
21023,
21348,
21589,
21535,
21397,
21280,
21337,
21894,
23182,
23533,
22935,
22120,
21124,
19752,
18814,
17064,
16272,
15925,
15813,
15984,
16937,
18944,
20320,
20874,
21309,
21730,
21758,
21677,
21549,
21552,
21553,
22071,
23354,
23742,
23256,
22588,
21509,
20086,
18609,
17575,
16766,
16419,
16224,
16293,
17186,
19081,
20603,
21191,
21628,
21770,
21646,
21420,
21295,
21121,
21015,
21346,
22644,
23148,
22648,
21957,
21035,
20030,
18695,
17570,
16920,
16486,
16307,
16295,
16647,
17372,
18021,
18970,
19595,
20109,
19926,
19590,
19382,
19139,
19102,
19483,
20876,
21538,
21120,
20584,
20072,
19267,
18159,
17188,
16480,
16125,
15891,
15861,
16049,
16543,
16924,
17464,
18117,
18460,
18649,
18562,
18394,
18229,
18191,
18702,
20151,
20695,
20271,
19954,
19394,
18604,
17511,
16457,
15907,
15643,
15612,
15828,
16572,
18721,
20162,
20735,
20996,
21098,
20871,
20750,
20600,
20446,
20138,
20647,
21988,
22491,
22245,
21564,
20494,
18904,
17334,
16253,
15705,
15403,
15323,
15532,
16459,
18548,
20150,
20701,
21051,
21283,
21256,
21229,
21221,
21157,
21204,
21737,
22877,
22944,
22336,
21359,
20244,
18650,
17039,
15831,
15172,
14788,
14653,
14842,
15853,
17977,
19438,
20006,
20373,
20499,
20427,
20273,
20152,
20004,
20023,
20471,
21757,
22341,
21947,
21333,
20289,
18786,
17207,
16070,
15500,
15195,
15119,
15362,
16374,
18582,
19996,
20491,
20779,
20885,
20802,
20620,
20553,
20495,
20605,
21017,
22241,
22550,
22068,
21293,
20218,
18719,
17121,
15987,
15339,
15009,
14949,
15169,
16137,
17915,
19390,
20427,
21123,
21635,
21752,
21607,
21501,
21218,
21190,
21420,
22029,
21947,
21270,
20439,
19441,
18179,
16817,
15639,
14918,
14483,
14272,
14236,
14559,
15285,
16086,
17304,
18165,
18600,
18702,
18690,
18537,
18340,
18347,
18729,
19777,
20380,
20030,
19558,
18950,
18089,
17100,
16177,
15491,
15133,
14976,
14920,
15168,
15767,
16276,
17178,
17900,
18326,
18534,
18453,
18269,
18059,
18015,
18452,
19893,
20920,
20710,
20254,
19402,
18260,
16947,
15958,
15406,
15157,
15085,
15332,
16302,
18482,
19931,
20455,
20738,
20831,
20749,
20569,
20424,
20206,
20192,
20612,
21795,
22297,
21785,
21000,
19848,
18264,
16641,
15437,
14758,
14434,
14325,
14515,
15538,
17723,
19174,
19732,
20001,
20123,
20011,
19769,
19709,
19595,
19528,
19889,
21064,
21784,
21356,
20659,
19609,
18077,
16520,
15345,
14737,
14431,
14370,
14596,
15623,
17793,
19246,
19859,
20215,
20347,
20312,
20168,
20095,
19934,
19933,
20318,
21509,
22286,
21879,
21255,
20236,
18694,
17118,
16013,
15407,
15112,
15017,
15237,
16232,
18398,
19837,
20459,
20795,
20951,
20687,
20456,
20327,
20047,
20104,
20500,
21499,
22112,
21679,
20957,
19978,
18488,
16906,
15727,
15064,
14723,
14571,
14734,
15733,
17778,
19231,
19805,
20152,
20342,
20220,
19958,
19815,
19538,
19378,
19538,
20385,
21188,
20736,
20122,
19309,
18131,
16793,
15678,
15002,
14612,
14422,
14465,
14781,
15434,
16154,
17208,
17917,
18257,
18255,
18050,
17738,
17519,
17464,
17782,
18848,
19720,
19444,
18908,
18320,
17454,
16477,
15587,
14984,
14636,
14494,
14508,
14788,
15260,
15661,
16508,
17282,
17766,
17976,
17925,
17740,
17512,
17479,
17827,
19048,
20311,
20145,
19771,
19197,
18357,
17318,
16506,
16014,
15773,
15678,
15822,
16437,
17540,
18483,
19469,
20230,
20583,
20419,
20112,
19892,
19580,
19325,
19736,
20822,
21904,
21565,
20938,
20089,
18823,
17505,
16496,
15901,
15643,
15576,
15789,
16706,
18369,
19678,
20541,
21053,
21098,
21015,
20794,
20593,
20461,
20414,
20746,
21624,
22318,
21782,
21033,
20044,
18677,
17225,
16058,
15465,
15152,
15064,
15301,
16229,
17954,
19313,
20145,
20563,
20733,
20632,
20356,
20134,
19884,
19713,
19984,
20950,
21862,
21463,
20811,
19819,
18436,
16931,
15834,
15195,
14849,
14720,
14907,
15775,
17503,
18881,
19888,
20382,
20497,
20379,
20048,
19928,
19769,
19651,
19879,
20691,
21570,
21142,
20468,
19487,
18170,
16727,
15634,
15013,
14691,
14578,
14736,
15617,
17213,
18515,
19462,
20024,
20263,
20204,
20002,
19802,
19644,
19555,
19619,
20183,
20876,
20391,
19709,
18904,
17789,
16539,
15489,
14805,
14367,
14127,
14142,
14445,
15063,
15776,
16848,
17736,
18192,
18188,
17983,
17734,
17561,
17581,
17900,
18650,
19521,
19250,
18765,
18159,
17273,
16222,
15329,
14734,
14335,
14100,
14034,
14220,
14605,
14965,
15907,
16652,
17173,
17413,
17405,
17253,
17089,
17084,
17436,
18581,
19873,
19773,
19266,
18429,
17411,
16133,
15255,
14754,
14559,
14554,
14820,
15834,
17872,
19140,
19714,
20001,
20064,
19994,
19784,
19638,
19375,
19315,
19604,
20438,
21565,
21225,
20626,
19593,
18143,
16579,
15374,
14774,
14501,
14430,
14640,
15628,
17712,
19193,
19804,
20286,
20484,
20468,
20321,
20209,
20092,
20134,
20487,
21216,
22120,
21783,
21077,
20047,
18490,
16976,
15914,
15387,
15144,
15083,
15333,
16403,
18408,
19733,
20287,
20514,
20566,
20453,
20240,
20080,
19861,
19795,
20034,
20713,
21869,
21587,
21002,
19952,
18441,
16892,
15781,
15206,
14919,
14850,
15080,
16109,
18086,
19373,
19885,
20148,
20213,
20116,
19889,
19775,
19560,
19510,
19835,
20659,
21743,
21467,
20806,
19779,
18349,
16845,
15747,
15156,
14885,
14820,
15036,
16102,
18101,
19455,
20015,
20323,
20363,
20203,
19910,
19697,
19466,
19328,
19447,
19986,
21055,
20682,
20089,
19246,
18103,
16798,
15696,
15050,
14704,
14527,
14544,
14862,
15449,
16200,
17205,
17847,
18049,
17902,
17601,
17242,
16892,
16656,
16810,
17531,
18951,
18855,
18398,
17781,
16889,
15848,
14903,
14280,
13882,
13647,
13622,
13868,
14172,
14653,
15530,
16252,
16589,
16690,
16606,
16430,
16236,
16166,
16456,
17375,
18839,
18739,
18297,
17564,
16441,
15348,
14334,
13738,
13499,
13448,
13695,
14796,
16782,
18244,
18911,
19130,
19179,
19146,
18955,
18892,
18793,
18704,
19075,
19922,
20753,
20412,
19709,
18666,
17084,
15495,
14303,
13687,
13370,
13243,
13415,
14459,
16641,
18233,
18950,
19265,
19448,
19404,
19236,
19181,
19090,
19118,
19467,
19964,
20801,
20404,
19657,
18598,
16972,
15270,
14058,
13403,
12956,
12830,
13027,
14068,
16118,
17883,
18744,
19094,
19302,
19256,
19086,
19016,
18887,
18901,
19231,
19870,
20702,
20349,
19681,
18566,
17011,
15411,
14241,
13599,
13312,
13213,
13387,
14409,
16563,
18285,
19126,
19564,
19809,
19751,
19565,
19424,
19327,
19263,
19547,
20061,
20799,
20437,
19702,
18624,
17138,
15536,
14390,
13723,
13374,
13263,
13440,
14411,
16510,
18180,
19031,
19536,
19796,
19810,
19691,
19621,
19421,
19254,
19410,
19604,
20080,
19632,
18952,
18075,
16816,
15416,
14281,
13615,
13212,
12950,
12910,
13215,
13826,
14743,
16086,
17204,
17828,
17938,
17740,
17544,
17312,
17113,
17262,
17693,
18685,
18533,
18098,
17469,
16553,
15533,
14588,
13846,
13431,
13199,
13134,
13322,
13591,
14134,
15112,
15748,
16136,
16444,
16471,
16318,
16200,
16184,
16545,
17419,
18711,
18763,
18318,
17501,
16435,
15228,
14202,
13689,
13415,
13335,
13582,
14708,
16809,
18377,
19222,
19755,
20008,
20130,
20053,
20158,
20163,
20023,
20344,
20933,
21581,
21225,
20461,
19361,
17784,
16197,
15093,
14498,
14149,
14012,
14160,
15204,
17088,
18528,
19188,
19517,
19660,
19761,
19666,
19628,
19526,
19528,
19910,
20499,
21292,
21019,
20328,
19257,
17742,
16168,
15114,
14540,
14241,
14097,
14277,
15314,
17136,
18577,
19329,
19678,
19787,
19695,
19467,
19386,
19187,
19135,
19250,
19720,
20838,
20813,
20232,
19193,
17749,
16184,
15108,
14539,
14236,
14172,
14372,
15507,
17296,
18575,
19115,
19420,
19528,
19431,
19188,
19070,
18811,
18716,
18901,
19348,
20377,
20288,
19669,
18638,
17169,
15607,
14508,
13894,
13603,
13570,
13815,
14873,
16659,
18188,
19035,
19600,
19844,
19870,
19730,
19657,
19493,
19451,
19575,
19851,
20622,
20420,
19734,
18914,
17752,
16434,
15404,
14752,
14402,
14266,
14294,
14641,
15046,
15982,
17168,
17874,
18220,
18176,
17922,
17516,
17203,
17006,
17090,
17568,
18955,
19134,
18701,
18119,
17246,
16202,
15337,
14692,
14358,
14149,
14119,
14319,
14454,
14995,
15853,
16514,
16929,
17102,
17066,
16889,
16799,
16960,
17494,
18208,
19151,
19146,
18617,
17678,
16601,
15404,
14470,
13971,
13723,
13606,
13789,
14818,
16536,
17995,
18785,
19246,
19450,
19405,
19226,
19113,
18882,
18807,
19018,
19403,
20480,
20519,
19837,
18795,
17287,
15760,
14767,
14204,
13948,
13872,
14078,
15087,
16998,
18673,
19522,
20052,
20445,
20563,
20557,
20627,
20567,
20575,
20913,
21449,
22140,
21867,
20980,
19838,
18258,
16674,
15640,
15068,
14746,
14663,
14844,
15755,
17429,
18991,
19768,
20200,
20429,
20398,
20228,
20151,
20034,
20065,
20336,
20677,
21459,
21346,
20610,
19569,
18090,
16472,
15426,
14831,
14504,
14396,
14574,
15536,
17242,
18743,
19492,
19886,
20056,
19980,
19792,
19688,
19532,
19472,
19641,
19965,
20900,
21026,
20427,
19388,
17900,
16400,
15319,
14713,
14413,
14323,
14543,
15492,
17106,
18697,
19517,
19915,
20085,
20022,
19730,
19437,
19157,
19004,
19042,
19256,
20119,
20121,
19558,
18736,
17567,
16357,
15318,
14625,
14256,
14041,
14021,
14355,
14783,
15706,
16772,
17480,
17780,
17722,
17514,
17280,
17073,
17066,
17323,
17872,
18825,
18742,
18237,
17549,
16613,
15520,
14530,
13861,
13450,
13209,
13201,
13373,
13604,
14267,
15296,
16134,
16666,
16918,
16982,
16931,
16860,
16881,
17191,
17783,
18980,
19354,
18981,
18109,
17051,
15871,
15028,
14616,
14448,
14426,
14677,
15703,
17427,
18972,
19801,
20226,
20368,
20350,
20172,
20051,
19833,
19734,
19912,
20310,
21373,
21655,
21027,
19902,
16835,
16866,
14730,
14886,
15058,
15990,
17682,
19113,
19778,
20064,
20174,
20121,
19921,
19852,
19694,
19552,
19772,
20103,
20969,
21070,
20379,
19258,
17759,
16229,
15163,
14583,
14335,
14270,
14490,
15491,
17164,
18594,
19125,
19311,
19336,
19290,
19172,
19123,
18937,
18780,
19026,
19462,
20256,
19706,
19706,
18661,
17125,
15575,
14451,
13847,
13480,
13394,
13598,
14582,
16488,
18134,
18967,
19418,
19583,
19596,
19392,
19316,
19207,
19167,
19383,
19749,
20467,
20436,
19644,
18570,
17066,
15476,
14278,
13592,
13241,
13093,
13227,
14176,
15998,
17591,
18377,
18708,
18862,
18795,
18657,
18684,
18586,
18377,
18499,
18771,
19317,
19176,
18517,
17684,
16486,
15151,
14018,
13305,
12874,
12619,
12590,
12896,
13369,
14406,
15712,
16638,
17060,
17116,
16945,
16772,
16538,
16368,
16500,
16850,
17723,
17960,
17496,
16833,
15873,
14781,
13795,
13076,
12670,
12439,
12373,
12564,
12773,
13473,
14497,
15248,
15666,
15872,
15845,
15688,
15518,
15466,
15698,
16225,
17319,
17957,
17602,
16731,
15617,
14400,
13481,
12946,
12713,
12682,
12974,
13969,
15714,
17377,
18132,
18503,
18777,
18727,
18625,
18555,
18323,
18189,
18293,
18480,
19381,
19865,
19270,
18172,
16583,
15041,
13915,
13310,
13015,
12930,
13147,
14146,
15958,
17720,
18463,
18858,
19012,
18969,
18849,
18751,
18602,
18546,
18744,
19174,
19966,
20127,
19451,
18340,
16739,
15186,
14054,
13470,
13127,
13036,
13227,
14250,
16100,
17846,
18548,
19026,
19166,
19240,
19138,
19075,
18995,
19038,
19402,
19838,
20245,
20199,
19527,
18395,
16835,
15303,
14112,
13486,
13156,
13045,
13225,
14172,
16040,
17845,
18763,
19238,
19520,
19563,
19491,
19421,
19263,
19268,
19553,
19892,
20370,
20302,
19593,
18512,
17065,
15524,
14353,
13685,
13355,
13212,
13358,
14325,
16086,
17835,
18776,
19259,
19432,
19339,
19140,
19035,
18899,
18909,
19110,
19256,
19632,
19540,
18935,
18119,
16879,
15488,
14371,
13709,
13310,
13116,
13122,
13400,
13913,
14918,
16073,
16876,
17234,
17285,
17113,
16767,
16492,
16355,
16474,
16854,
17677,
18019,
17569,
16918,
14917,
14917,
13271,
13271,
12879,
12714,
12776,
13037,
13429,
14227,
15054,
15628,
16038,
16199,
16351,
16358,
16393,
16608,
16900,
17158,
17849,
18368,
17797,
16935,
15750,
14757,
14188,
13905,
13811,
13970,
14831,
16498,
17931,
18963,
19607,
19877,
19987,
19832,
19709,
19467,
19218,
19125,
19036,
18846,
19428,
19996,
19277,
18012,
16509,
15305,
14653,
14281,
14146,
14282,
15084,
16652,
18003,
18791,
19212,
19372,
19301,
19171,
19001,
18737,
18462,
18377,
18355,
18213,
18776,
19237,
18506,
17192,
15679,
14506,
13821,
13414,
13266,
13388,
14234,
15874,
17366,
18321,
18850,
19053,
19070,
18913,
18837,
18681,
18526,
18468,
18341,
18100,
18515,
19056,
18314,
17022,
15539,
14352,
13742,
13374,
13230,
13376,
14240,
15811,
17185,
18117,
18558,
18800,
18778,
18539,
18362,
18200,
18218,
18274,
18311,
18264,
18531,
18734,
18001,
16733,
15273,
14071,
13409,
13010,
12789,
12843,
13482,
14650,
15779,
16729,
17361,
17669,
17715,
17531,
17387,
17166,
16930,
16854,
16775,
16589,
16965,
17650,
17088,
16086,
14935,
13911,
13286,
12863,
12666,
12660,
12915,
13312,
14102,
15088,
15851,
16252,
16311,
16155,
15908,
15669,
15480,
15478,
15557,
15681,
16317,
17139,
16764,
15963,
14915,
13918,
13226,
12793,
12545,
12495,
12667,
12904,
13440,
14375,
15168,
15468,
15628,
15578,
15317,
15048,
14861,
14681,
14743,
15042,
15818,
16611,
16253,
15479,
14404,
13533,
13083,
12816,
12699,
12878,
13728,
15130,
16615,
17704,
18311,
18583,
18632,
18489,
18367,
18294,
18236,
18300,
18480,
18553,
18898,
19135,
18243,
16955,
15494,
14333,
13748,
13392,
13210,
13325,
14088,
15651,
17215,
18308,
19004,
19372,
19575,
19522,
19607,
19619,
19640,
19684,
19771,
19616,
19701,
19501,
18523,
17096,
15514,
14313,
13635,
13235,
13057,
13178,
14023,
15749,
17377,
18400,
18936,
19240,
19407,
19365,
19226,
19058,
18976,
19006,
19044,
18847,
19015,
19170,
18404,
16998,
15399,
14238,
13630,
13279,
13149,
13282,
14130,
15765,
17447,
18398,
18862,
19120,
19105,
18901,
18828,
18486,
18224,
18099,
17928,
17681,
17899,
18713,
18091,
16799,
15311,
14192,
13581,
13308,
13222,
13355,
14121,
15636,
17166,
18057,
18539,
18714,
18651,
18437,
18287,
18053,
17863,
17701,
17376,
17076,
17320,
18092,
17504,
16368,
15074,
13918,
13239,
12801,
12559,
12496,
12784,
13182,
14041,
15107,
15883,
16284,
16359,
16231,
16034,
15856,
15750,
15800,
15911,
16058,
16419,
17009,
16491,
15531,
14441,
13474,
12805,
12314,
12045,
11943,
12076,
12175,
12780,
13836,
14714,
15348,
15722,
15826,
15743,
15621,
15559,
15613,
15729,
15709,
16169,
17137,
16491,
15421,
14086,
13112,
12535,
12167,
12072,
12240,
13186,
14970,
16712,
17661,
18300,
18738,
18959,
19035,
19178,
19250,
19229,
19218,
19099,
18808,
18971,
19423,
18476,
16839,
15129,
13854,
13188,
12776,
12607,
12707,
13560,
15383,
17141,
18092,
18607,
18937,
19003,
18972,
18925,
18871,
18820,
18815,
18624,
18199,
18285,
18981,
18098,
16475,
14827,
13584,
12958,
12577,
12422,
12571,
13441,
15365,
17096,
17975,
18364,
18638,
18652,
18595,
18586,
18457,
18346,
18289,
18174,
18091,
18461,
18811,
17902,
16383,
14675,
13503,
12885,
12534,
12366,
12466,
13361,
15222,
17032,
17962,
18547,
18911,
19179,
19243,
19470,
19421,
19306,
19300,
19001,
18612,
18738,
19198,
18331,
16485,
15111,
13891,
13144,
12745,
12537,
12609,
13435,
15296,
17125,
18127,
18685,
18999,
19008,
18754,
18571,
18374,
18214,
18137,
17889,
17530,
17644,
18044,
17377,
16143,
14690,
13465,
12770,
12351,
12190,
12166,
12381,
12790,
13820,
14909,
15771,
16214,
16298,
16161,
15906,
15685,
15483,
15457,
15564,
15487,
15769,
16681,
16259,
15338,
14224,
13170,
12547,
12182,
11965,
11906,
12112,
12210,
13103,
14096,
14912,
15489,
15793,
15874,
15902,
15827,
15901,
16199,
16610,
16778,
17082,
17496,
16745,
15669,
14345,
13361,
12890,
12567,
12472,
12627,
13577,
15592,
17450,
18310,
18856,
19145,
19328,
19339,
19287,
19111,
19041,
19154,
19177,
18917,
18930,
19157,
18243,
16619,
14928,
13631,
13075,
12742,
12539,
12595,
13543,
15455,
17164,
17950,
18451,
18777,
18887,
18875,
18806,
18672,
18583,
18591,
18499,
18186,
18351,
18992,
18251,
16654,
14892,
13685,
13111,
12702,
12637,
12860,
13771,
15623,
17300,
18125,
18543,
18715,
18659,
18475,
18418,
18321,
18198,
18223,
18098,
17727,
17842,
18766,
18101,
16559,
14850,
13646,
13008,
12616,
12452,
12621,
13537,
15335,
17027,
17875,
18429,
18760,
18873,
18884,
18990,
19054,
18975,
18957,
18719,
18146,
18047,
18810,
18261,
16657,
14908,
13638,
12937,
12522,
12360,
12420,
13340,
15086,
16891,
18048,
18735,
19194,
19366,
19412,
19419,
19265,
19099,
18943,
18585,
18042,
17927,
18519,
17944,
16580,
15058,
13816,
13057,
12617,
12361,
12291,
12454,
12809,
14044,
15363,
16314,
16748,
16942,
16951,
16758,
16618,
16583,
16600,
16599,
16490,
16603,
17295,
16999,
16066,
14811,
13779,
13063,
12594,
12277,
12170,
12278,
12368,
13142,
14311,
15372,
16021,
16240,
16405,
16350,
16189,
16151,
16289,
16490,
16600,
16941,
17647,
16983,
15688,
14324,
13304,
12777,
12428,
12326,
12518,
13436,
15271,
17397,
18315,
18793,
19045,
19136,
19003,
18903,
18761,
18779,
18877,
18961,
18686,
18645,
18986,
18150,
16453,
14740,
13586,
13039,
12750,
12620,
12759,
13634,
15417,
17223,
18041,
18490,
18726,
18711,
18468,
18364,
18187,
18065,
18045,
17957,
17487,
17543,
18500,
18034,
16468,
14712,
13605,
13007,
12612,
12491,
12684,
13579,
15345,
17130,
18038,
18542,
18850,
18945,
18907,
18904,
18809,
18776,
18822,
18629,
18197,
18234,
18789,
18170,
16695,
14913,
13757,
13145,
12770,
12639,
12794,
13606,
15368,
17207,
18014,
18507,
18780,
18857,
18827,
18922,
18911,
18964,
18920,
18652,
18213,
18207,
18759,
17927,
16562,
14822,
13633,
12907,
12496,
12313,
12411,
13218,
15062,
17038,
18075,
18887,
19414,
19737,
19813,
19994,
19975,
19785,
19658,
19320,
18527,
18132,
18699,
18124,
16699,
15140,
13895,
13130,
12637,
12402,
12359,
12525,
12858,
13979,
15160,
16073,
16448,
16518,
16389,
16186,
15964,
15788,
15813,
15905,
15989,
16226,
16932,
16649,
15709,
14460,
13404,
12663,
12291,
12017,
11960,
12054,
12140,
12882,
13980,
15004,
15621,
15792,
15810,
15699,
15562,
15416,
15455,
15510,
15517,
15719,
16877,
16708,
15706,
14274,
13086,
12687,
12280,
12146,
12344,
13218,
14975,
17058,
18190,
18845,
19323,
19587,
19730,
19815,
19814,
19774,
19616,
19482,
18888,
18733,
19267,
18595,
16983,
15236,
13968,
13305,
12926,
12766,
12872,
13675,
15563,
17573,
18836,
19734,
20356,
20816,
21099,
21415,
21571,
21690,
21746,
21388,
20689,
20230,
20608,
20102,
18369,
16436,
15051,
14222,
13740,
13481,
13572,
14284,
16081,
18137,
19556,
20700,
21577,
22128,
22510,
22970,
23071,
22947,
22750,
22415,
21736,
21252,
21490,
20803,
19073,
17177,
15732,
14927,
14395,
14155,
14224,
14933,
16814,
19076,
20548,
21882,
22642,
23272,
23680,
24031,
24061,
23925,
23577,
22817,
21694,
21004,
21157,
20417,
18626,
16584,
15210,
14326,
13801,
13556,
13593,
14314,
15992,
18011,
19206,
19897,
20384,
20588,
20659,
20751,
20777,
20783,
20748,
20387,
19660,
19207,
19477,
19042,
17767,
16185,
14890,
14061,
13534,
13221,
13126,
13220,
13635,
14844,
16408,
17698,
18635,
19179,
19492,
19630,
19660,
19655,
19717,
19633,
19314,
19054,
19405,
19018,
17852,
16430,
15177,
14302,
13731,
13371,
13185,
13081,
13128,
13831,
14958,
15934,
16663,
17144,
17395,
17438,
17451,
17538,
17714,
17882,
17789,
17676,
18337,
18380,
17126,
15583,
14402,
13730,
13312,
13110,
13266,
13985,
15649,
17665,
18742,
19455,
20022,
20377,
20576,
20787,
20747,
20699,
20652,
20310,
19747,
19434,
19677,
19141,
17454,
15692,
14364,
13766,
13423,
13185,
13306,
14069,
15930,
15930,
19405,
20240,
21066,
21639,
21991,
22045,
21955,
21800,
22165,
21869,
21059,
20588,
20867,
20403,
18701,
16866,
15447,
14641,
14104,
13811,
13882,
14665,
16540,
18607,
19768,
20559,
21004,
21134,
21012,
20918,
20687,
20561,
20485,
20264,
19553,
18999,
19313,
19024,
17362,
15539,
14162,
13442,
13042,
12887,
13012,
13691,
15443,
17485,
18670,
19583,
20143,
20411,
20456,
20559,
20467,
20401,
20347,
19989,
19266,
18948,
19375,
18910,
17319,
15611,
14310,
13624,
13217,
12993,
13147,
13892,
15724,
17836,
19010,
19764,
20310,
20839,
21145,
21433,
21508,
21426,
21359,
20923,
20206,
19754,
19973,
19622,
16785,
14444,
14544,
13998,
13998,
13695,
13531,
13597,
14004,
15114,
16591,
17922,
18742,
19106,
19280,
19440,
19592,
19531,
19563,
19470,
19150,
18778,
18968,
18550,
17332,
15975,
14788,
13926,
13348,
13030,
12838,
12804,
12921,
13582,
14730,
15945,
17012,
17809,
18477,
19022,
19309,
19570,
19783,
19791,
19641,
19612,
20240,
19864,
18610,
16820,
15365,
14533,
13996,
13634,
13670,
14381,
16129,
18174,
19349,
20246,
21030,
21482,
21642,
21908,
22006,
22017,
22003,
21486,
20717,
20262,
20208,
19793,
18168,
16330,
14967,
14166,
13669,
13461,
13545,
14238,
16119,
18197,
19360,
20130,
20663,
20919,
21110,
21237,
21218,
21135,
21147,
20782,
20056,
19607,
19690,
19108,
17417,
15589,
14291,
13554,
13143,
12968,
13081,
13798,
15614,
17464,
18520,
19166,
19578,
19661,
19601,
19598,
19552,
19566,
19564,
19371,
18956,
18785,
18940,
18310,
16722,
15081,
13934,
13213,
12812,
12625,
12716,
13407,
15138,
17077,
18198,
19021,
19522,
19877,
20043,
20234,
20434,
20486,
20470,
20180,
19591,
19196,
19332,
18980,
17531,
15750,
14376,
13627,
13143,
12923,
13026,
13737,
15397,
15397,
18771,
19626,
20180,
20425,
20463,
20519,
20388,
20183,
19907,
19526,
18774,
18197,
18173,
18116,
16907,
15404,
14070,
13231,
12679,
12341,
12235,
12150,
12507,
13545,
14858,
15781,
16256,
16378,
16284,
16129,
15929,
15810,
15798,
15829,
15706,
15672,
16095,
16376,
15563,
14360,
13334,
12660,
12230,
11988,
11911,
11735,
11871,
12637,
13685,
14597,
15266,
15623,
15753,
15680,
15539,
15487,
15541,
15588,
15456,
15302,
15797,
16184,
15396,
14278,
13266,
12635,
12221,
11989,
11935,
11831,
12117,
12969,
14166,
15256,
15985,
16363,
16464,
16382,
16245,
16131,
16314,
16617,
16673,
16763,
17054,
16780,
15545,
14160,
13160,
12569,
12269,
12140,
12315,
13107,
14897,
16953,
18121,
18893,
19433,
19650,
19667,
19697,
19685,
19678,
19724,
19513,
19295,
18855,
18783,
18442,
16836,
15110,
13856,
13155,
12785,
12579,
12691,
13343,
15191,
17252,
18487,
19322,
19964,
20299,
20418,
20562,
20612,
20699,
20796,
20549,
19856,
19458,
19488,
19047,
17435,
15607,
14280,
13549,
13107,
12886,
13007,
13640,
15489,
17442,
18684,
19521,
20060,
20341,
20379,
20517,
20537,
20563,
20570,
20252,
19561,
19007,
19088,
19103,
17537,
15757,
14356,
13557,
13074,
12834,
12911,
13448,
15288,
17275,
18521,
19340,
19828,
20050,
20090,
20275,
20196,
20055,
19859,
19340,
18527,
18003,
18169,
18161,
16953,
15422,
14208,
13414,
12890,
12595,
12536,
12585,
13068,
14147,
15485,
16522,
17116,
17296,
17295,
17098,
16849,
16692,
16683,
16649,
16483,
16425,
16829,
16972,
16038,
14814,
13754,
12981,
12477,
12130,
12014,
11990,
12142,
12845,
13983,
15142,
15909,
16311,
16474,
16459,
16320,
16241,
16393,
16556,
16639,
16653,
17099,
16976,
15992,
14565,
13510,
12886,
12558,
12447,
12608,
13346,
15240,
17356,
18588,
19457,
20147,
20626,
20932,
21320,
21555,
21716,
21912,
21772,
21128,
20529,
20674,
20605,
18967,
17024,
15564,
14701,
14191,
13946,
14016,
14617,
16579,
18838,
20454,
21779,
22838,
23586,
24092,
24613,
24945,
25193,
25362,
25015,
24108,
23273,
22962,
22834,
21018,
18874,
17237,
16207,
15613,
15243,
15250,
15882,
17938,
20351,
22136,
23692,
24972,
25970,
26713,
27362,
27839,
28212,
28433,
27990,
26782,
25788,
25621,
25261,
23335,
21042,
19290,
18090,
17330,
16946,
16867,
17318,
19091,
21111,
22361,
23207,
23751,
23832,
23702,
23549,
23290,
23060,
22801,
22103,
21196,
20662,
20511,
20208,
18688,
16916,
15473,
14596,
14109,
13878,
13888,
14362,
16019,
17844,
19023,
19766,
20205,
20314,
20272,
20320,
20247,
20155,
20011,
19601,
18895,
18358,
18240,
18371,
17232,
15927,
14620,
13755,
13180,
12909,
12751,
12662,
13204,
14379,
15787,
16953,
17579,
17798,
17821,
17734,
17670,
17673,
17767,
17858,
17664,
17312,
17316,
17579,
16633,
15371,
14271,
13515,
12990,
12662,
12528,
12331,
12531,
13374,
14592,
15687,
16498,
17014,
17324,
17402,
17319,
17263,
17246,
17217,
17165,
17059,
17440,
17703,
16718,
15353,
14315,
13710,
13370,
13282,
13473,
14296,
16129,
18349,
19864,
20936,
21682,
22038,
22213,
22403,
22581,
22798,
23136,
23025,
22363,
21711,
21781,
21620,
19915,
17993,
16580,
15778,
15276,
15025,
15054,
15688,
17654,
20023,
21648,
22777,
23695,
24521,
25082,
25708,
26149,
26338,
26572,
26323,
25332,
24487,
24276,
24198,
22487,
20285,
18536,
17471,
16703,
16261,
16192,
16573,
18253,
20435,
22004,
23201,
24138,
24774,
25115,
25697,
26003,
26249,
26301,
25703,
24519,
23725,
23708,
23524,
21866,
19749,
18141,
17192,
16580,
16299,
16366,
17009,
18843,
21132,
22619,
23886,
25065,
25734,
26001,
26307,
26283,
26209,
25710,
25089,
24259,
23915,
23826,
23301,
21658,
19730,
18128,
17163,
16571,
16271,
16235,
16857,
18708,
21045,
22589,
23720,
24683,
25401,
25845,
26352,
26670,
26926,
26978,
26476,
25484,
24638,
24290,
24098,
22535,
20672,
18919,
17702,
16923,
16411,
16211,
16112,
16475,
17637,
19077,
20352,
21070,
21397,
21400,
21235,
21093,
20845,
20723,
20445,
19877,
19206,
18748,
18790,
17785,
16341,
15063,
14136,
13512,
13164,
13016,
12710,
12887,
13744,
14867,
15920,
16585,
16907,
17131,
17164,
17114,
17140,
17299,
17412,
17217,
17030,
17351,
17968,
17102,
15638,
14550,
13838,
13454,
13310,
13417,
14005,
15696,
17907,
19410,
20503,
21244,
21670,
21841,
22033,
22090,
22172,
22236,
21938,
21184,
20582,
20549,
20551,
18997,
17133,
15771,
14966,
14475,
14245,
14337,
14988,
16834,
19051,
20544,
21403,
21924,
22226,
22274,
22466,
22473,
22413,
22442,
22325,
21729,
21340,
21367,
21259,
19837,
18006,
16544,
15726,
15215,
14824,
14803,
15345,
17050,
19133,
20530,
21435,
21978,
22461,
22852,
23245,
23476,
23661,
23730,
23360,
22500,
21668,
21349,
21404,
19980,
18092,
16592,
15640,
15072,
14759,
14770,
15190,
16851,
18962,
20691,
22012,
23000,
23655,
24003,
24283,
24422,
24445,
24383,
23934,
22896,
22065,
21651,
21662,
20214,
18344,
16807,
15873,
15283,
14946,
14942,
15460,
16910,
19061,
20532,
21563,
22292,
22757,
23102,
23500,
23620,
23421,
22944,
22312,
21485,
20864,
20593,
20233,
18989,
17461,
16146,
15325,
14778,
14430,
14338,
14342,
14750,
15861,
17386,
18668,
19454,
19863,
20032,
19842,
19655,
19525,
19431,
19254,
18830,
18257,
18165,
18437,
17543,
16312,
15107,
14261,
13686,
13306,
13164,
12920,
13106,
13973,
15227,
16355,
17156,
17681,
17916,
17981,
17951,
17920,
18013,
18114,
17957,
17741,
17737,
18507,
17671,
16358,
15161,
14408,
13934,
13739,
13867,
14384,
15905,
18018,
19677,
20835,
21605,
21963,
22063,
22111,
22038,
21844,
21655,
21474,
20951,
20444,
20517,
20420,
19149,
17472,
16065,
15209,
14527,
14230,
14279,
14750,
16178,
18281,
19839,
20846,
21441,
21900,
22133,
22402,
22446,
22423,
22360,
22085,
21283,
20652,
20530,
20513,
19116,
17449,
15957,
15031,
14474,
14187,
14212,
14685,
16171,
18307,
19987,
21248,
22084,
22710,
22996,
23276,
23477,
23559,
23660,
23345,
22524,
21831,
21781,
21807,
20393,
18509,
16905,
15933,
15321,
14971,
15005,
15483,
16961,
19155,
20928,
22444,
23477,
24110,
24500,
24825,
25002,
25107,
25044,
24591,
23637,
22765,
22527,
22457,
21077,
19294,
17743,
16764,
16125,
15757,
15690,
16131,
17538,
19699,
21542,
22892,
23927,
24484,
24725,
24994,
25037,
25083,
25009,
24553,
23620,
22576,
22019,
21992,
20637,
18864,
17248,
16234,
15497,
14989,
14727,
14474,
14708,
15815,
17317,
18710,
19611,
20158,
20377,
20505,
20587,
20726,
20862,
20934,
20590,
20123,
19771,
19896,
18842,
17579,
16375,
15409,
14714,
14334,
14128,
13829,
13897,
14756,
16081,
17501,
18679,
19577,
20074,
20263,
20283,
20166,
20081,
19837,
19307,
18723,
18689,
18802,
18428,
17714,
16710,
16006,
15496,
15171,
15079,
15281,
15687,
16586,
17894,
19292,
20589,
21539,
22116,
22579,
22765,
22734,
23079,
23300,
22932,
22495,
22450,
22524,
21252,
19594,
18187,
17148,
16437,
16005,
15905,
16215,
17420,
19211,
20670,
21737,
22534,
23070,
23461,
23884,
24044,
24074,
24080,
23947,
23288,
22524,
22137,
22206,
20783,
18889,
17208,
16233,
15608,
15250,
15216,
15643,
17117,
19276,
21129,
22494,
23487,
24152,
24507,
24942,
25212,
25398,
25354,
24919,
23973,
23175,
22982,
22864,
21482,
19696,
18141,
17156,
16548,
16219,
16300,
16929,
18472,
20559,
22260,
23514,
24554,
25343,
25827,
26243,
26424,
26430,
26430,
26082,
25140,
24159,
23597,
23401,
21845,
19832,
18153,
17107,
16325,
15853,
15703,
16047,
17350,
19265,
20576,
21683,
22481,
22723,
22750,
22739,
22678,
22657,
22587,
22228,
21319,
20477,
20175,
20167,
18997,
17550,
16198,
15295,
14693,
14360,
14194,
14092,
14435,
15561,
17111,
18483,
19440,
20026,
20305,
20567,
20717,
20863,
21069,
21177,
20924,
20482,
20492,
20796,
19953,
18663,
17308,
16283,
15564,
15081,
14746,
14459,
14549,
15395,
16818,
18215,
19374,
20343,
20845,
21055,
21262,
21420,
21614,
21739,
21415,
20966,
21041,
21406,
20398,
18837,
17507,
16712,
16173,
15904,
15955,
16578,
18011,
20013,
21590,
22581,
23200,
23376,
23372,
23303,
23174,
23018,
22823,
22476,
21773,
21261,
21100,
20707,
19335,
17592,
16164,
15313,
14811,
14577,
14651,
15330,
16732,
18658,
20129,
21078,
21671,
21963,
22000,
22062,
22075,
22040,
22045,
21868,
21304,
20792,
20658,
20492,
19156,
17423,
16010,
15171,
14696,
14436,
14478,
15142,
16654,
18582,
20038,
21035,
21646,
22008,
22235,
22672,
22855,
22993,
22817,
22376,
21765,
21264,
21092,
20541,
19140,
17439,
16081,
15277,
14787,
14543,
14606,
15232,
16661,
18763,
20477,
21599,
22330,
22744,
22919,
23069,
23136,
23146,
23121,
22750,
21938,
21243,
21082,
21007,
19572,
17788,
16331,
15384,
14777,
14437,
14446,
15039,
16408,
18400,
19966,
21176,
22040,
22517,
22562,
22572,
22486,
22618,
22664,
22496,
21740,
21088,
20931,
20913,
19841,
18259,
16897,
15866,
15178,
14742,
14578,
14606,
14964,
16239,
17866,
19331,
20488,
21250,
21545,
21687,
21751,
21737,
21697,
21559,
21034,
20484,
20583,
20709,
19888,
18514,
17131,
16372,
15727,
15242,
15034,
14958,
14978,
15670,
16861,
18024,
18982,
19742,
20210,
20317,
20155,
19941,
19884,
19910,
19604,
19443,
19657,
19681,
18740,
17368,
16273,
15562,
15149,
14942,
15097,
15838,
17327,
19424,
20982,
22109,
22899,
23424,
23733,
24073,
24306,
24455,
24601,
24443,
23717,
22974,
22802,
22736,
21191,
19278,
17698,
16672,
15952,
15607,
15619,
16187,
17694,
19900,
21591,
22926,
23995,
24773,
25279,
25666,
25855,
25955,
26061,
25837,
24935,
24074,
23930,
23848,
21906,
19855,
18138,
17005,
16355,
15939,
15864,
16436,
17813,
19967,
21715,
23223,
24537,
25450,
26064,
26609,
26961,
27103,
27140,
26871,
26031,
25120,
24795,
24590,
22874,
20776,
19054,
17957,
17243,
16808,
16749,
17302,
18805,
21065,
23011,
24605,
25934,
26778,
27181,
27491,
27583,
27773,
27779,
27380,
26519,
25623,
25444,
25175,
23560,
21522,
19827,
18805,
18179,
17816,
17852,
18454,
19869,
21977,
23495,
24623,
25332,
25637,
25501,
25397,
25049,
24676,
24340,
23822,
23108,
22492,
22420,
22060,
20773,
19202,
17911,
16852,
16154,
15669,
15424,
15388,
15528,
16459,
17598,
18594,
19365,
19631,
19646,
19433,
19238,
19126,
19104,
19142,
18926,
18626,
18801,
18882,
17983,
16721,
15501,
14699,
14140,
13753,
13583,
13539,
13529,
14093,
15153,
16251,
17070,
17678,
18072,
18253,
18362,
18567,
18693,
18756,
18585,
18331,
18807,
19058,
18119,
16753,
15557,
14783,
14281,
14034,
14181,
14898,
16229,
18318,
19976,
21157,
21935,
22458,
22713,
22900,
22935,
23081,
23109,
22867,
22123,
21471,
21519,
21159,
19701,
17921,
16478,
15632,
15137,
14852,
14924,
15589,
17010,
18981,
20481,
21455,
21970,
22149,
22158,
22160,
21977,
21778,
21785,
21707,
21269,
20844,
20912,
20384,
19007,
17471,
16136,
15293,
14770,
14556,
14606,
15358,
16766,
18711,
20175,
21166,
21934,
22361,
22558,
22671,
22899,
22919,
22999,
22865,
22214,
21769,
21851,
21539,
20119,
18436,
16933,
15995,
15371,
14998,
14958,
15586,
16895,
19040,
20781,
22100,
23079,
23744,
24154,
24154,
24993,
25257,
25391,
25153,
24285,
23420,
23308,
22987,
21342,
19461,
17840,
16730,
15992,
15556,
15537,
16147,
17517,
19594,
21448,
22856,
24027,
24834,
25348,
25862,
26049,
25889,
25830,
25455,
24664,
24058,
24035,
23670,
22275,
20512,
18935,
17861,
17181,
16766,
16580,
16660,
16972,
18023,
19684,
21248,
22479,
23218,
23670,
23869,
23987,
24066,
24075,
23928,
23443,
22904,
23012,
22954,
21907,
20525,
19260,
18294,
17570,
17048,
16804,
16797,
16794,
17409,
18637,
19910,
20878,
21559,
21966,
22209,
22298,
22475,
22908,
23011,
22668,
22220,
22486,
22530,
21515,
19956,
18546,
17576,
16942,
16604,
16672,
17368,
18629,
20797,
22761,
24218,
25318,
26052,
26458,
26921,
27197,
27431,
27651,
27344,
26446,
25500,
25407,
25027,
23221,
21014,
19435,
18315,
17600,
17227,
17228,
17889,
19154,
21213,
22995,
24312,
25371,
26092,
26732,
27359,
27607,
27660,
27711,
27352,
26398,
25505,
25370,
24822,
23039,
21015,
19371,
18326,
17641,
17237,
17201,
17872,
19178,
21261,
23003,
24274,
25307,
25989,
26362,
26756,
26802,
26835,
27149,
26277,
25433,
24815,
24840,
24218,
22518,
20469,
18857,
17788,
17090,
16451,
16274,
16748,
17864,
19487,
20691,
21558,
22100,
22512,
22354,
22596,
22691,
22809,
22722,
22299,
21547,
21033,
21121,
20609,
19118,
17336,
15947,
15055,
14522,
14169,
14179,
14716,
15794,
17541,
18967,
20004,
20662,
20916,
20921,
20967,
20926,
20761,
20524,
20063,
19348,
18861,
19063,
18601,
17353,
15963,
14773,
13997,
13497,
13210,
13122,
13281,
13545,
14495,
15702,
16753,
17463,
17736,
17761,
17591,
17388,
17239,
17225,
17168,
17027,
16958,
17578,
17414,
16528,
15391,
14324,
13592,
13093,
12808,
12698,
12707,
12685,
13399,
14579,
15769,
16627,
17231,
17573,
17723,
17694,
17699,
17939,
18138,
18018,
17887,
18675,
18603,
17699,
16472,
15383,
14643,
14242,
14016,
14132,
14800,
16080,
18131,
19851,
21172,
22223,
22882,
23267,
23599,
23791,
23971,
24045,
23754,
23003,
22250,
22460,
21888,
20244,
18437,
16949,
16020,
15382,
15062,
15106,
15732,
17029,
19058,
20814,
22131,
23100,
24041,
24558,
25021,
25208,
25289,
25258,
24966,
24042,
23377,
23577,
22954,
21327,
19458,
17948,
17025,
16408,
16106,
16118,
16821,
18210,
20153,
21838,
23118,
24096,
24681,
25187,
25497,
25123,
24376,
24201,
23763,
22995,
22517,
22766,
22111,
20560,
18888,
17509,
16573,
16035,
15754,
15794,
16601,
18153,
20092,
21687,
22772,
23551,
24157,
24519,
24854,
24966,
24847,
24523,
24148,
23211,
22737,
23002,
22369,
20951,
19314,
17839,
16948,
16373,
16035,
16105,
16863,
18378,
20335,
21971,
23098,
24004,
24461,
24445,
24405,
24099,
23720,
23559,
23119,
22390,
21895,
22008,
21427,
20153,
18471,
17015,
16025,
15341,
14937,
14771,
14843,
15087,
16163,
17694,
18995,
19941,
20459,
20527,
20418,
20293,
20158,
20080,
19984,
19761,
19701,
20175,
19834,
18837,
17538,
16438,
15569,
14953,
14555,
14372,
14342,
14409,
14921,
16087,
17317,
18250,
18927,
19210,
19305,
19323,
19335,
19424,
19428,
19352,
19430,
19889,
19617,
18581,
17369,
16297,
15594,
15171,
14935,
15016,
15756,
17233,
19122,
20540,
21683,
22353,
22641,
22660,
22604,
22591,
22550,
22566,
22265,
21482,
20901,
21196,
20478,
18994,
17308,
15942,
15148,
14591,
14311,
14288,
14913,
16223,
18121,
19686,
20898,
21727,
22296,
22590,
22899,
23128,
23250,
23320,
23021,
22111,
21380,
21773,
20957,
19378,
17647,
16226,
15336,
14833,
14535,
14602,
15395,
16873,
18797,
20457,
21676,
22625,
23236,
23639,
23964,
24193,
24242,
24183,
23883,
23168,
22618,
23019,
22290,
20877,
19217,
17730,
16751,
16172,
15913,
15963,
16751,
18363,
20283,
21990,
23084,
23808,
24181,
24478,
24956,
25304,
25363,
25444,
25089,
24265,
23745,
24045,
23239,
21710,
19903,
18359,
17378,
16786,
16522,
16510,
17209,
18590,
20551,
22473,
23910,
25145,
25996,
26450,
26848,
27047,
26998,
26750,
25989,
24959,
24529,
24498,
23639,
22161,
20540,
19076,
18071,
17306,
16852,
16634,
16793,
17139,
17910,
19309,
20665,
21661,
22183,
22321,
22126,
21446,
20729,
20360,
19960,
19469,
19267,
19587,
19006,
17855,
16518,
15338,
14408,
13741,
13304,
13184,
13213,
13166,
13737,
14821,
15907,
16856,
17440,
17716,
17782,
17820,
17956,
18243,
18348,
18092,
17928,
18733,
18333,
17297,
16005,
14920,
14253,
13843,
13659,
13795,
14590,
15822,
17696,
19422,
20710,
21703,
22304,
22717,
23119,
23422,
23604,
23760,
23485,
22736,
22276,
22686,
21801,
20276,
18522,
17031,
16037,
15468,
15198,
15247,
15961,
17178,
18925,
20416,
21439,
22107,
22607,
22798,
23146,
23251,
23293,
23215,
22797,
21827,
21182,
21575,
20587,
18993,
17337,
16012,
15182,
14640,
14392,
14458,
15164,
16513,
18436,
20070,
21227,
22121,
22582,
22855,
23164,
23351,
23375,
23285,
22813,
21873,
21386,
21718,
20782,
19267,
17533,
16116,
15267,
14707,
14412,
14498,
15255,
16541,
18388,
20086,
21378,
22201,
22755,
23117,
23401,
23559,
23537,
23568,
23200,
22346,
21884,
22186,
21308,
19861,
18193,
16810,
15953,
15425,
15188,
15262,
16024,
17565,
19473,
21172,
22384,
23440,
24283,
24793,
25282,
25595,
25677,
25703,
25199,
24124,
23635,
23832,
23074,
21735,
20082,
18556,
17547,
16803,
16353,
16140,
16280,
16676,
17668,
19401,
21162,
22639,
23677,
24354,
24741,
24863,
24852,
24844,
24589,
24014,
23776,
24124,
23393,
22216,
20621,
19192,
18199,
17386,
16844,
16547,
16475,
16469,
17073,
18635,
20244,
21805,
23062,
23785,
24100,
24116,
23983,
23873,
23706,
23309,
23324,
23839,
23115,
21888,
20405,
19123,
18243,
17710,
17424,
17523,
18251,
19665,
21694,
23434,
24718,
25749,
26602,
27031,
27441,
27541,
27329,
27004,
26488,
25597,
25405,
25429,
24317,
22554,
20735,
19161,
18165,
17567,
17224,
17252,
17960,
19470,
21224,
22698,
23722,
24457,
24967,
25414,
25705,
25889,
25911,
25819,
25331,
24270,
23619,
23729,
22574,
20777,
18830,
17210,
16172,
15524,
15148,
15140,
15791,
17159,
18943,
20553,
21871,
22749,
23357,
23728,
24031,
24205,
24239,
24212,
23838,
22925,
22522,
22766,
21731,
20091,
18329,
16801,
15824,
15223,
14873,
14864,
15559,
16851,
18600,
20130,
21292,
22022,
22547,
22854,
23037,
23185,
23201,
23137,
22806,
21963,
21688,
21893,
20884,
19235,
17641,
16235,
15302,
14775,
14464,
14521,
15205,
16543,
18322,
20072,
21333,
22346,
22962,
23328,
23595,
23703,
23699,
23654,
23245,
22335,
22044,
22167,
21218,
19823,
18288,
16896,
15933,
15298,
14869,
14696,
14811,
15118,
15982,
17365,
18936,
20012,
20875,
21456,
21736,
21906,
22027,
22098,
21986,
21509,
21437,
21798,
21061,
19923,
18559,
17329,
16404,
15673,
15136,
14815,
14737,
14771,
15045,
15975,
16987,
17732,
18175,
18425,
18416,
18263,
18131,
18096,
18062,
17886,
18137,
18404,
17811,
16973,
15833,
14755,
14030,
13482,
13158,
13052,
13244,
13559,
14053,
15245,
16505,
17473,
18059,
18362,
18497,
18588,
18731,
18944,
19040,
18875,
19344,
19970,
19221,
17971,
16567,
15488,
14855,
14494,
14307,
14488,
15379,
17228,
19011,
20557,
21782,
22730,
23468,
23875,
24413,
24727,
24840,
24910,
24559,
23813,
23907,
23862,
22691,
20911,
19015,
17533,
16652,
16086,
15772,
15832,
16756,
18766,
20343,
21406,
22338,
23190,
23602,
23649,
23776,
23571,
23217,
23170,
23174,
22912,
23216,
22887,
21815,
20041,
18121,
16797,
16041,
15680,
15522,
15624,
16623,
18816,
20691,
22082,
23208,
23986,
24447,
24789,
24933,
25057,
25134,
25274,
24925,
24222,
24353,
24059,
22694,
20699,
18559,
16903,
15860,
15170,
14813,
14716,
15506,
17368,
18994,
20288,
21258,
21937,
22443,
22724,
23050,
23257,
23344,
23263,
22678,
21764,
21622,
21564,
20526,
19136,
17517,
16090,
15052,
14388,
14034,
13873,
14061,
14495,
15298,
16726,
17914,
18626,
19079,
19189,
19107,
18997,
18866,
18873,
18787,
18627,
19094,
19275,
18546,
17474,
16231,
15075,
14260,
13705,
13330,
13185,
13249,
13415,
13921,
15216,
16455,
17352,
18030,
18418,
18732,
18901,
19095,
19316,
19415,
19300,
19997,
20302,
19417,
18127,
16601,
15418,
14757,
14346,
14156,
14311,
15269,
17312,
19028,
20369,
21463,
22277,
22798,
23189,
23645,
23866,
24041,
24127,
23761,
22929,
23008,
22864,
21511,
19573,
17549,
16118,
15219,
14654,
14402,
14499,
15428,
17461,
19025,
20094,
20990,
21525,
21797,
21873,
21885,
21915,
21960,
22007,
21653,
21019,
21435,
21220,
19988,
18216,
16477,
15145,
14387,
13984,
13772,
13865,
14793,
16911,
18683,
19756,
20554,
21177,
21617,
21773,
21954,
21948,
21995,
22059,
21807,
21336,
21632,
21360,
20217,
18642,
16894,
15579,
14898,
14463,
14253,
14374,
15223,
17105,
18772,
20104,
21165,
21954,
22459,
22742,
23151,
23329,
23469,
23651,
23315,
22594,
23007,
22738,
21583,
19914,
18153,
16707,
15822,
15270,
14942,
14997,
15813,
17669,
19318,
20676,
21665,
22185,
22470,
22602,
22666,
22577,
22642,
22482,
22147,
21740,
22008,
21554,
20573,
19385,
18055,
16773,
15894,
15363,
15031,
14948,
15188,
15694,
16509,
17782,
18571,
18914,
18868,
18664,
18373,
18148,
17821,
17598,
17498,
17532,
18007,
17940,
17188,
16206,
15039,
13936,
13183,
12649,
12376,
12240,
12333,
12577,
13034,
14081,
15032,
15599,
15931,
16058,
16027,
15944,
15939,
16108,
16314,
16518,
17565,
17635,
16784,
15593,
14275,
13313,
12750,
12463,
12355,
12532,
13464,
15477,
17056,
18042,
18657,
19084,
19305,
19411,
19552,
19594,
19620,
19727,
19624,
19324,
20001,
19691,
18481,
16830,
15178,
13951,
13252,
12871,
12729,
12820,
13730,
15816,
17485,
18454,
19156,
19766,
20093,
20284,
20441,
20636,
20805,
20967,
20749,
20348,
20965,
20565,
19348,
17637,
15911,
14608,
13891,
13428,
13224,
13318,
14202,
16242,
17829,
19001,
19899,
20525,
21054,
21383,
21805,
22030,
22215,
22423,
22115,
21445,
21968,
21577,
20368,
18652,
16848,
15432,
14648,
14148,
13893,
13997,
14863,
16956,
18591,
19764,
20820,
21643,
22260,
22608,
23034,
23270,
23444,
23540,
23149,
22390,
22806,
22193,
20861,
19073,
17153,
15757,
14927,
14420,
14135,
14181,
14992,
17074,
18747,
19911,
20812,
21441,
21880,
22157,
22349,
22429,
22438,
22310,
21736,
20983,
21270,
20645,
19535,
18044,
16505,
15216,
14407,
13894,
13603,
13490,
13718,
14302,
15061,
16399,
17425,
18079,
18402,
18596,
18663,
18617,
18570,
18610,
18562,
18625,
19411,
19133,
18422,
17365,
16200,
15086,
14347,
13841,
13502,
13364,
13477,
13804,
14185,
15330,
16375,
17142,
17727,
18090,
18262,
18342,
18416,
18577,
18639,
18718,
19598,
19377,
18468,
17188,
15763,
14704,
14077,
13676,
13488,
13651,
14604,
16774,
18380,
19417,
20267,
21001,
21452,
21637,
21843,
21855,
21844,
21785,
21441,
21203,
21789,
21199,
20014,
18352,
16670,
15457,
14723,
14268,
14101,
14241,
15253,
17620,
19608,
20737,
21585,
22024,
22258,
22282,
22324,
22271,
22196,
22147,
22012,
21769,
21781,
20995,
19654,
17892,
16215,
14946,
14189,
13763,
13559,
13642,
14543,
16702,
18464,
19313,
19900,
20173,
20240,
20170,
20201,
20045,
19910,
19930,
19877,
19861,
20521,
19964,
17142,
17142,
15516,
14264,
13558,
13204,
13014,
13145,
14016,
16145,
17807,
18653,
19317,
19772,
19938,
19906,
19897,
19783,
19769,
19865,
19821,
19845,
20450,
19899,
18698,
17166,
15546,
14226,
13528,
13134,
12976,
13050,
13917,
15995,
17562,
18484,
19228,
19665,
19867,
19975,
20078,
20064,
20001,
19953,
19635,
19390,
19927,
19323,
18345,
17031,
15609,
14387,
13638,
13166,
12905,
12848,
13126,
13828,
14705,
16069,
17164,
17740,
17918,
17831,
17633,
17442,
17319,
17425,
17656,
18143,
18601,
18153,
17497,
16478,
15334,
14243,
13493,
12993,
12657,
12456,
12563,
12912,
13306,
14382,
15311,
15885,
16178,
16286,
16260,
16192,
16161,
16304,
16554,
17113,
18178,
17822,
16899,
15662,
14384,
13393,
12866,
12591,
12455,
12636,
13605,
15796,
17458,
18329,
18955,
19464,
19559,
19573,
19771,
19823,
19759,
19832,
19851,
20007,
20551,
19885,
18682,
16983,
15245,
13979,
13327,
12955,
12820,
12958,
13840,
15986,
17525,
18246,
18699,
18960,
18977,
18922,
18906,
18756,
18708,
18830,
18848,
19198,
20071,
19580,
18442,
16859,
15197,
13985,
13347,
12982,
12849,
12991,
13932,
16182,
17703,
18373,
18762,
18998,
19097,
19018,
18964,
18910,
18866,
18922,
18949,
19288,
19989,
19377,
18303,
16734,
15081,
13810,
13164,
12811,
12676,
12845,
13765,
15969,
17507,
18250,
18810,
19206,
19406,
19476,
19644,
19654,
19674,
19711,
19591,
19751,
20348,
19743,
18591,
16946,
15266,
14058,
13325,
12968,
12797,
12910,
13786,
15948,
17550,
18479,
19277,
19800,
20078,
20166,
20259,
20215,
20161,
20006,
19552,
19698,
20046,
19327,
18318,
16994,
15517,
14206,
13444,
12980,
12723,
12661,
12941,
13655,
14465,
15759,
16730,
17201,
17354,
17307,
17141,
16968,
16851,
16906,
17092,
17780,
18350,
17868,
17149,
16191,
15037,
13950,
13184,
12746,
12484,
12368,
12485,
12847,
13368,
14408,
15352,
15949,
16233,
16324,
16209,
16110,
16062,
16233,
16613,
17304,
17636,
17240,
16544,
15572,
14422,
13431,
12879,
12547,
12384,
12505,
13218,
14627,
15967,
17268,
18211,
18644,
18802,
18708,
18614,
18461,
18395,
18487,
18742,
19402,
19826,
19256,
18178,
16639,
15033,
13897,
13273,
12901,
12748,
12937,
13874,
16102,
17788,
18402,
18810,
19059,
19125,
19010,
19086,
19001,
18968,
19018,
19059,
19613,
20086,
19460,
18356,
16775,
15207,
13942,
13281,
12896,
12766,
12937,
13881,
16052,
17647,
18292,
18645,
18910,
19132,
19083,
19133,
19053,
18981,
19043,
19244,
19909,
20207,
19565,
18381,
16861,
15340,
14084,
13371,
12978,
12789,
12920,
13860,
16061,
17877,
18606,
19111,
19464,
19541,
19450,
19437,
19321,
19337,
19477,
19676,
20188,
20237,
19573,
18436,
16885,
15251,
14036,
13360,
12970,
12809,
12931,
13832,
15981,
17894,
18703,
19264,
19620,
19743,
19698,
19656,
19537,
19544,
19747,
19919,
20084,
19734,
19012,
18084,
16793,
15328,
14058,
13330,
12854,
12553,
12559,
12839,
13592,
14404,
15579,
16496,
16990,
17055,
16972,
16764,
16499,
16387,
16627,
17022,
17891,
18044,
17600,
16966,
16066,
14972,
13970,
13215,
12748,
12482,
12425,
12612,
13109,
13626,
14563,
15455,
16028,
16341,
16484,
16399,
16320,
16360,
16706,
17232,
18154,
18398,
18010,
17160,
16029,
14780,
13839,
13257,
12888,
12767,
12949,
13957,
16181,
17848,
18490,
18942,
19225,
19162,
19057,
19030,
18871,
18751,
18901,
19323,
20284,
20294,
19619,
18544,
16975,
15316,
14036,
13394,
13077,
12924,
13076,
14036,
16254,
18265,
19035,
19526,
19824,
19954,
19856,
19826,
19667,
19712,
19999,
20361,
20773,
20544,
19833,
18701,
17186,
15607,
14412,
13643,
13221,
13048,
13192,
14141,
16411,
18305,
18926,
19282,
19419,
19464,
19340,
19281,
19165,
19139,
19342,
19681,
20417,
20348,
19679,
18616,
17092,
15516,
14288,
13504,
13092,
12978,
13123,
14092,
16310,
18174,
18823,
19224,
19490,
19547,
19434,
19394,
19325,
19259,
19515,
19828,
20562,
20390,
19719,
18657,
17093,
15422,
14224,
13551,
13153,
13014,
13152,
14078,
16253,
18081,
18746,
19292,
19547,
19353,
19179,
19091,
18938,
18736,
18770,
18912,
19595,
19534,
18863,
17688,
16327,
15371,
14292,
13304,
13222,
12982,
13122,
13309,
14039,
14824,
15821,
16384,
16383,
16905,
16710,
16614,
16375,
16255,
16410,
16917,
18075,
18141,
17671,
17100,
16183,
15147,
14107,
13399,
12957,
12696,
12632,
12806,
13292,
13860,
14798,
15802,
16359,
16676,
16696,
16592,
16499,
16519,
16748,
17305,
18482,
18562,
18036,
17265,
16101,
14758,
13716,
13193,
12861,
12776,
12935,
13938,
16178,
18088,
18780,
19188,
19366,
19392,
19322,
19340,
19139,
19030,
19302,
19892,
20649,
20413,
19721,
18612,
16988,
15372,
14141,
13517,
13125,
12983,
13122,
14070,
16359,
18245,
18789,
19125,
19354,
19359,
19267,
19218,
19023,
18946,
19081,
19391,
20371,
20239,
19562,
18521,
16944,
15331,
14088,
13482,
13125,
12959,
13106,
14076,
16363,
18165,
18742,
19128,
19301,
19326,
19247,
19218,
19024,
18851,
18897,
19247,
20341,
20279,
19659,
18614,
17110,
15523,
14249,
13586,
13242,
13096,
13268,
14291,
16621,
18325,
18878,
19300,
19466,
19396,
19202,
19139,
19013,
18855,
18969,
19315,
20324,
20224,
19766,
18763,
17319,
15636,
14378,
13720,
13335,
13177,
13336,
14279,
16506,
18411,
18961,
19269,
19510,
19526,
19348,
19234,
18959,
18853,
18998,
19222,
19846,
19495,
18884,
18034,
16779,
15405,
14264,
13511,
13066,
12820,
12716,
13002,
13758,
14762,
15932,
17006,
17534,
17715,
17672,
17526,
17307,
17177,
17296,
17761,
18553,
18399,
17868,
17164,
16236,
15164,
13074,
12749,
12749,
12552,
12418,
12400,
12645,
13127,
13931,
15062,
15876,
16297,
16512,
16588,
16552,
16523,
16643,
17211,
18393,
18146,
17778,
17289,
16420,
15320,
14187,
13343,
12893,
12655,
12605,
12838,
13859,
15961,
17569,
18395,
18866,
19118,
19103,
19067,
19038,
18936,
18922,
19440,
20955,
20816,
20204,
19435,
18274,
16705,
15235,
14073,
13442,
13093,
12992,
13228,
14282,
16220,
17594,
18458,
18956,
19238,
19322,
19318,
19314,
19172,
19264,
19969,
21106,
20846,
20240,
19498,
18385,
16848,
15421,
14308,
13630,
13224,
13093,
13270,
14260,
16342,
17767,
18497,
18917,
19154,
19163,
19026,
19002,
18835,
18837,
19491,
21036,
20980,
20445,
19729,
18700,
17056,
15486,
14410,
13824,
13558,
13493,
13726,
14810,
16929,
18390,
19077,
19436,
19749,
19737,
19774,
19818,
19964,
20238,
21013,
21833,
21451,
20878,
20088,
18861,
17207,
15628,
14493,
13854,
13546,
13433,
13631,
14646,
16632,
18110,
18832,
19308,
19550,
19566,
19373,
19344,
19167,
19092,
19512,
20752,
20522,
19934,
19268,
18311,
17092,
15684,
14592,
13923,
13558,
13358,
13368,
13706,
14345,
15181,
16344,
17019,
17321,
17251,
16994,
16777,
16550,
16468,
17033,
18742,
18750,
18277,
17741,
17049,
16058,
14983,
13999,
13341,
12938,
12738,
12708,
12931,
13272,
13820,
14813,
15616,
16006,
16194,
16246,
16181,
16151,
16278,
17093,
18730,
18765,
18412,
17861,
16927,
15726,
14554,
13652,
13179,
12854,
12781,
13033,
14130,
16316,
17854,
18650,
19143,
19415,
19436,
19346,
19360,
19303,
19378,
19983,
21485,
21415,
21024,
20263,
19127,
17546,
16006,
14871,
14248,
13938,
13845,
14080,
15156,
17150,
18552,
19247,
19628,
19829,
19824,
19686,
19678,
19590,
19615,
20426,
21994,
21886,
21345,
20656,
19559,
18008,
16394,
15328,
14754,
14399,
14330,
14526,
15544,
17597,
18967,
19541,
19898,
20006,
19905,
19665,
19552,
19381,
19421,
20313,
21757,
21504,
20884,
20106,
19018,
17583,
16035,
14887,
14221,
13815,
13624,
13783,
14594,
15994,
17336,
18464,
19139,
19486,
19574,
19450,
19321,
19185,
19207,
19973,
21310,
21045,
20500,
19770,
18747,
17312,
15850,
14714,
14135,
13792,
13660,
13846,
14805,
16858,
18460,
19369,
19969,
20242,
20308,
20184,
20170,
20080,
20162,
20796,
21694,
21202,
20604,
19849,
18962,
17762,
16442,
15388,
14732,
14325,
14116,
14111,
14482,
15228,
16139,
17151,
17865,
18206,
18184,
17938,
17680,
17428,
17421,
18275,
19842,
19875,
19411,
18946,
18390,
17545,
16469,
15542,
14864,
14425,
14215,
14190,
14359,
14724,
15180,
16052,
16671,
17039,
17165,
17089,
16954,
16820,
16840,
17691,
19431,
19552,
19270,
18735,
17919,
16730,
15421,
14496,
13986,
13737,
13691,
13910,
15029,
17100,
18461,
19104,
19419,
19555,
19576,
19407,
19305,
19162,
19168,
19988,
21528,
21334,
20831,
20093,
18968,
17437,
15862,
14681,
14068,
13773,
13687,
13876,
14949,
17102,
18502,
19235,
19529,
19593,
19516,
19359,
19266,
19111,
19103,
19961,
21460,
21291,
20764,
20013,
18930,
17381,
15800,
14637,
14045,
13743,
13637,
13841,
14922,
17035,
18466,
19102,
19389,
19495,
19406,
19249,
19239,
19140,
19249,
20163,
21491,
21221,
20620,
19879,
18755,
17190,
15542,
14399,
13758,
13430,
13322,
13519,
14578,
16713,
18312,
19092,
19477,
19623,
19626,
19506,
19526,
19502,
19677,
20568,
21555,
21253,
20649,
19901,
18802,
17317,
15753,
14528,
13811,
13396,
13232,
13394,
14368,
16520,
18084,
18801,
19335,
19472,
19462,
19348,
19295,
19167,
19221,
20003,
21043,
20525,
19865,
19220,
18317,
17125,
15821,
14631,
13857,
13442,
13220,
13223,
13561,
14258,
15165,
16448,
17388,
17918,
18153,
18119,
18033,
17992,
18176,
18972,
19602,
19373,
18864,
18275,
17575,
16617,
15490,
14473,
13690,
13178,
12947,
12882,
13064,
13509,
14107,
15172,
16175,
16754,
17051,
17161,
17110,
17060,
17238,
18179,
19405,
19366,
19028,
18463,
17592,
16415,
15073,
14057,
13455,
13143,
13079,
13319,
14329,
16437,
18054,
18781,
19083,
19277,
19352,
19306,
19207,
19146,
19282,
20308,
21534,
21254,
20752,
20039,
18974,
17339,
15805,
14539,
13882,
13527,
13408,
13599,
14668,
16859,
18300,
19028,
19350,
19442,
19481,
19408,
19319,
19286,
19390,
20391,
21407,
21099,
20532,
19862,
18840,
17356,
15737,
14449,
13690,
13282,
13093,
13245,
14182,
16161,
17930,
19002,
19580,
19905,
19947,
19909,
19880,
19826,
19939,
20752,
21233,
20829,
20146,
19429,
18407,
17076,
15604,
14302,
13427,
12913,
12629,
12572,
12833,
13361,
14010,
15152,
16305,
17093,
17448,
17341,
16944,
16589,
16386,
16476,
16920,
16860,
16744,
16705,
16430,
15778,
14877,
14049,
13466,
13167,
13059,
13227,
13922,
14961,
15754,
16741,
17391,
17700,
17866,
17793,
17656,
17503,
17606,
18630,
19948,
19752,
19259,
18705,
17961,
16940,
15753,
14696,
13967,
13517,
13307,
13310,
13649,
14280,
14929,
15959,
16769,
17159,
17235,
17053,
16813,
16628,
16641,
17692,
19179,
19135,
18701,
18188,
17531,
16554,
15352,
14257,
13477,
13015,
12729,
12668,
12802,
13233,
13789,
14835,
16044,
16946,
17408,
17549,
17426,
17214,
17256,
18265,
19510,
19468,
19139,
18609,
17689,
16502,
15158,
14096,
13537,
13202,
13117,
13376,
14500,
16701,
18248,
18949,
19363,
19618,
19631,
19534,
19416,
19281,
19372,
20516,
22064,
21858,
21339,
20603,
19469,
17862,
16053,
14808,
14128,
13755,
13584,
13859,
14921,
17074,
18604,
19268,
19569,
19581,
19547,
19395,
19359,
19261,
19382,
20586,
21957,
21724,
21201,
20482,
19398,
17728,
15994,
14691,
13986,
13603,
13480,
13679,
14698,
16846,
18726,
19556,
20107,
20416,
20432,
20175,
19972,
19865,
19935,
20997,
22252,
21952,
21436,
20723,
19674,
18054,
16289,
14997,
14330,
13938,
13797,
14006,
15010,
17132,
18644,
19313,
19698,
19847,
19801,
19651,
19588,
19547,
19677,
20796,
22139,
21897,
21443,
20778,
19761,
18243,
16580,
15301,
14551,
14223,
14061,
14250,
15226,
17327,
18860,
19486,
19820,
19953,
19981,
19872,
19861,
19666,
19782,
20918,
22029,
21676,
21104,
20478,
19675,
18476,
17026,
15750,
14971,
14516,
14295,
14293,
14711,
15494,
16294,
17268,
17894,
18129,
18079,
17914,
17748,
17637,
17791,
19018,
20369,
20270,
19801,
19264,
18578,
17526,
16228,
15110,
14305,
13793,
13516,
13440,
13655,
14100,
14568,
15503,
16320,
16779,
16958,
17011,
16958,
16858,
16989,
18277,
20200,
20356,
20149,
19667,
18807,
17467,
16035,
14949,
14349,
14081,
14037,
14283,
15361,
17565,
19225,
19985,
20409,
20715,
20879,
20941,
21030,
21048,
21416,
22721,
23533,
23156,
22575,
21747,
20568,
18748,
16884,
15565,
14819,
14405,
14253,
14435,
15426,
17574,
19344,
20128,
20599,
20788,
20787,
20793,
20797,
20751,
20962,
22008,
22893,
22532,
21946,
21138,
19908,
18170,
16356,
15002,
14214,
13827,
13642,
13833,
14791,
16958,
18533,
19118,
19468,
19657,
19637,
19559,
19487,
19424,
19557,
20730,
22174,
21973,
21461,
20802,
19792,
18139,
16276,
14947,
14234,
13872,
13772,
13999,
15019,
17195,
18845,
19501,
19829,
19892,
19813,
19713,
19708,
19744,
20115,
21412,
22451,
22225,
21785,
21078,
20007,
18392,
16534,
15094,
14305,
13884,
13732,
13877,
14845,
16986,
18907,
19737,
20232,
20504,
20528,
20422,
20356,
20274,
20430,
21520,
22219,
21765,
21103,
20402,
19479,
18176,
16519,
15126,
14242,
13748,
13494,
13486,
13827,
14592,
15534,
16686,
17589,
18166,
18309,
18226,
18080,
17988,
18154,
19275,
20478,
20366,
19940,
19385,
18696,
17716,
16445,
15218,
14335,
13797,
13523,
13483,
13737,
14241,
14892,
15845,
16769,
17280,
17477,
17614,
17598,
17681,
17975,
19341,
20834,
20950,
20652,
20173,
19329,
17956,
16263,
15015,
14302,
13929,
13778,
14004,
14991,
17193,
19027,
19701,
20142,
20250,
20196,
20137,
20128,
19945,
20153,
21439,
23077,
22883,
22512,
21855,
20785,
19107,
17172,
15762,
14984,
14662,
14590,
14810,
15841,
18085,
19670,
20178,
20534,
20683,
20649,
20532,
20468,
20340,
20692,
22017,
23839,
23750,
23284,
22607,
21534,
19843,
17894,
16481,
15758,
15415,
15313,
15526,
16555,
18795,
20345,
20852,
21187,
21222,
21143,
20923,
20833,
20716,
20915,
22213,
23941,
23763,
23267,
22583,
21544,
19946,
17963,
16496,
15740,
15389,
15256,
15446,
16464,
18687,
20193,
20596,
20822,
20906,
20740,
20471,
20339,
20202,
20389,
21699,
23335,
23094,
22657,
21974,
20904,
19344,
17367,
15908,
15064,
14666,
14527,
14729,
15730,
17918,
19500,
20047,
20484,
20599,
20559,
20345,
20218,
20064,
20145,
21254,
22854,
22660,
22167,
21581,
20775,
19523,
17945,
16582,
15728,
15279,
15088,
15097,
15518,
16298,
17213,
18188,
18789,
19120,
19080,
18795,
18466,
18226,
18264,
19450,
21160,
21130,
20702,
20229,
19534,
18548,
17232,
15977,
15035,
14477,
14173,
14136,
14368,
14931,
15516,
16563,
17526,
18040,
18335,
18441,
18450,
18464,
18813,
20198,
21725,
21836,
21717,
21401,
20618,
19356,
17900,
16698,
16086,
15846,
15792,
16048,
16973,
19166,
20980,
21706,
22288,
22520,
22530,
22365,
22315,
22153,
22305,
23576,
25541,
25521,
25100,
24450,
23301,
21571,
19621,
18142,
17340,
16996,
16809,
16939,
17837,
19895,
21391,
21809,
22073,
22156,
22069,
21764,
21247,
21284,
21398,
22467,
24111,
24009,
23561,
22933,
21908,
20263,
18315,
16762,
15899,
15514,
15357,
15529,
16503,
18556,
20181,
20661,
20922,
20955,
20837,
20628,
20486,
20368,
20452,
21567,
23075,
22999,
22573,
21970,
20989,
19474,
17532,
15929,
15014,
14577,
14370,
14467,
15301,
17213,
18942,
19759,
20307,
20425,
20312,
20127,
20073,
20022,
20295,
21327,
22346,
22008,
21540,
20931,
20120,
18859,
17263,
15852,
14984,
14516,
14343,
14411,
14886,
15865,
16914,
18053,
18925,
19260,
19276,
19103,
18951,
18927,
19026,
20026,
21292,
20868,
20338,
19858,
19464,
18815,
17854,
16744,
15858,
15236,
14917,
14837,
15042,
15580,
16178,
16882,
17442,
17696,
17756,
17648,
17430,
17147,
17139,
17988,
19336,
19514,
19349,
19311,
19063,
18330,
17261,
16111,
15391,
14931,
14741,
14748,
14936,
15434,
15995,
16807,
17645,
18199,
18567,
18660,
18736,
18700,
18839,
20050,
21387,
21432,
21187,
20771,
20048,
18879,
17486,
16239,
15575,
15280,
14967,
15161,
16037,
17474,
18754,
19809,
20767,
21202,
21330,
21253,
21103,
20904,
20973,
22033,
23941,
23918,
23496,
22826,
21803,
20347,
18722,
17440,
16706,
16344,
16187,
16311,
17061,
18461,
19729,
20694,
21446,
21780,
21715,
21537,
21396,
21224,
21294,
22330,
23746,
23537,
22956,
22190,
21092,
19607,
17923,
16556,
15746,
15286,
15051,
15119,
15840,
17247,
18610,
19596,
20337,
20663,
20724,
20554,
20465,
20353,
20426,
21573,
22701,
22402,
21831,
21096,
20073,
18643,
17005,
15638,
14834,
14410,
14241,
14359,
15079,
16474,
17834,
18876,
19578,
19878,
19899,
19708,
19518,
19332,
19341,
20329,
21989,
21854,
21427,
20785,
19826,
18535,
16985,
15659,
14805,
14255,
14015,
14012,
14436,
15286,
16147,
17079,
18029,
18658,
18872,
18730,
18406,
18172,
18190,
19239,
20867,
20581,
19827,
18957,
18128,
17270,
16471,
